id,name,model_id:id,group_id:id,perm_read,perm_write,perm_create,perm_unlink
access_meli_config_admin,meli.config.admin,model_meli_config,group_meli_admin,1,1,1,1
access_meli_sku_mapping_admin,meli.sku.mapping.admin,model_meli_sku_mapping,group_meli_admin,1,1,1,1
access_meli_invoice_document_user,meli.invoice.document.user,model_meli_invoice_document,group_meli_user,1,1,0,0
access_meli_invoice_import_batch_wizard_admin,meli.invoice.import.batch.wizard.admin,model_meli_invoice_import_batch_wizard,group_meli_admin,1,1,1,1
access_meli_invoice_import_batch_admin,meli.invoice.import.batch.admin,model_meli_invoice_import_batch,group_meli_admin,1,0,0,0
access_meli_invoice_import_batch_line_admin,meli.invoice.import.batch.line.admin,model_meli_invoice_import_batch_line,group_meli_admin,1,1,0,0
access_meli_order_import_wizard_admin,meli.order.import.wizard.admin,model_meli_order_import_wizard,group_meli_admin,1,1,1,1
access_meli_quarantine_return_wizard_user,meli.quarantine.return.wizard.user,model_meli_quarantine_return_wizard,__export__.res_groups_226_2f47e690,1,1,1,1
access_meli_quarantine_return_wizard_line_user,meli.quarantine.return.wizard.line.user,model_meli_quarantine_return_wizard_line,__export__.res_groups_226_2f47e690,1,1,1,1
